,Unnamed: 0,Area,Perimeter,MajorAxisLength,MinorAxisLength,AspectRation,Eccentricity,ConvexArea,EquivDiameter,Extent,Solidity,roundness,Compactness,ShapeFactor1,ShapeFactor2,ShapeFactor3,ShapeFactor4,Class
111,1561,43144,765.795,258.0336328197813,213.19014403076403,1.2103450372571924,0.563361258126006,43652,234.37714674868337,0.7522404714579628,0.9883625034362686,0.9244963873728942,0.90832014488739,0.0059807535884429,0.0025112587147453,0.8250454856082493,0.9985897090173952,SEKER
394,2156,56857,952.885,328.1323756555259,221.25678301795628,1.4830387171854345,0.7384655292062093,57866,269.0586939591567,0.7940478185576225,0.9825631631700826,0.7868878215869274,0.8199699691980871,0.0057711869366221,0.0016092988186785,0.6723507503867118,0.9971221943521734,BARBUNYA
478,372,35589,687.9229999999999,235.06390598553864,192.99444701585085,1.217982743131633,0.5708854877071733,35977,212.86926071553805,0.7799986849891511,0.989215332017678,0.9450308572639128,0.9055803774852358,0.0066049595657517,0.0027400465428412,0.8200758200863021,0.9988381969246376,SEKER
560,8551,43694,794.323,305.5499008693588,182.5072465829944,1.674179555004197,0.8020123151740822,44144,235.8663364443053,0.7995535060752452,0.9898060891627402,0.8702366957882085,0.7719404777197179,0.0069929487085036,0.0015317058211718,0.5958921011421462,0.997630372720674,SIRA
106,5409,91641,1147.6180000000002,448.7645627873682,261.33064232966905,1.7172290198607898,0.8129499891757395,92407,341.58592640662914,0.8091063198601472,0.9917105846959646,0.8743895947707314,0.7611695635791055,0.0048969845679048,0.0010139911266029,0.5793791045192057,0.9949266117813378,CALI
759,42,32066,669.313,236.4366550480214,173.23089931478256,1.36486421292766,0.6805801720019645,32481,202.0586529735307,0.780878628482369,0.9872232997752532,0.8994895693843451,0.8545995244793649,0.0073734377548812,0.0024260534698442,0.7303403472403568,0.9968154032055236,SEKER
536,1026,39245,713.9329999999999,242.41374740359117,206.4400701326894,1.1742572420547022,0.5241886745177649,39588,223.53587169206529,0.7791344054000398,0.9913357583105992,0.9675630702897794,0.9221253913454984,0.0061769333011489,0.0027549428730324,0.8503152373640884,0.9984888255042436,SEKER
940,12106,33015,679.242,250.32392250492023,168.55299733970963,1.4851348030341205,0.7393333824286956,33428,205.02683621768003,0.7025215448451962,0.9876450879502212,0.8992327210072469,0.819046114993864,0.0075821269878818,0.0021047680141592,0.670836538486542,0.9962826904533018,DERMASON
415,1539,42820,750.13,265.14226949645865,206.30572770792264,1.2851910242251434,0.6281473001458949,43166,233.4954331578236,0.802774653168354,0.9919844321920028,0.9562764438031044,0.8806420553058676,0.0061920193717061,0.0022972579068682,0.775530429573343,0.99670474710113,SEKER
82,6637,55241,929.292,377.9700179832831,187.11701689277447,2.019966031202149,0.8688600261234384,55812,265.20751439338045,0.7789199097574732,0.9897692252562174,0.8038351608519018,0.7016628350799773,0.0068422008649967,0.0010230326109857,0.4923307341324716,0.994491359064409,HOROZ
775,491,36311,689.155,240.15117170240404,192.6197446103851,1.2467630054653092,0.5972205601492435,36606,215.01767627076268,0.7831385066643661,0.9919412118231984,0.9607585337083412,0.8953430239233359,0.006613730596855,0.0026217065539582,0.8016391304881831,0.9994540116260444,SEKER
750,11829,31874,665.4630000000001,250.31418985630705,162.36108356108468,1.5417129792813435,0.7611045975084245,32199,201.4528164332496,0.7001273997276282,0.9899065188359888,0.9044792442669364,0.8047998259662934,0.007853240567745,0.0020322641649904,0.6477027598753763,0.998571751616215,DERMASON
1220,6336,52612,889.871,347.9376739206413,196.36836933454907,1.7718621135355384,0.8255164871232866,53606,258.81978078888477,0.6901744719926538,0.98145729955602,0.8349117400614208,0.7438682275260516,0.006613275943143,0.0012490517846276,0.5533399399227499,0.9804420754551512,HOROZ
874,7966,40987,749.125,272.5650427706523,192.2107189707184,1.4180532918779374,0.7090162769806471,41441,228.44314220405067,0.7087007642563198,0.9890446659105716,0.917798649615589,0.8381234067358826,0.0066500364205882,0.0020241172450725,0.7024508449185616,0.9961127330192048,SIRA
642,8602,43908,778.254,284.7971300848832,197.5478796181473,1.4416612855343494,0.7203177863233905,44347,236.44323193999764,0.808737935607456,0.9901007959952196,0.9109840990058996,0.8302163433652798,0.0064862241524296,0.0019008017791295,0.6892591767908163,0.9936782708785956,SIRA
632,10829,28018,621.239,229.9203224301027,155.46537343510562,1.4789166059931411,0.7367450404391359,28342,188.87462922369903,0.796305243711809,0.9885682026674194,0.9122829769352632,0.8214786201907758,0.0082061646951996,0.0023051811068778,0.6748271234305411,0.9980130390160102,DERMASON
664,4590,73528,1066.558,420.32363018137465,223.07567621975343,1.8842199082579976,0.8475449516916405,74286,305.9718242670181,0.7983582883636087,0.9897961930915652,0.8122573724855372,0.7279434281032157,0.0057165111274803,0.0009901507806084,0.5299016345186617,0.9984512091785156,CALI
872,2422,64478,974.289,361.66087931692533,227.70208643061164,1.5883072701976992,0.7769185661382221,65268,286.5238896940948,0.6873254450485022,0.9878960593246308,0.8535831303611228,0.7922446304816188,0.0056090585830349,0.0013630348383548,0.6276515545269566,0.9969035272060528,BARBUNYA
38,4415,71161,1037.077,407.762973871217,223.7249901388218,1.8226080761840655,0.8360427479796726,72221,301.00664318732055,0.781868723493089,0.9853228285401752,0.8314380602039656,0.7381902293129412,0.0057301467639748,0.0010495875693544,0.5449248146530928,0.9931843680998318,CALI
201,7844,40253,769.301,290.21078033018085,177.48611251543065,1.6351182423072674,0.7911852524194546,40881,226.3884082593994,0.7305975025410193,0.9846383405493996,0.8547035806158969,0.7800826971411298,0.0072096683559034,0.0016468635993588,0.6085290143789797,0.995016892384331,SIRA
1054,12157,33190,681.4709999999999,263.74949646453285,161.07850535752937,1.637397217456887,0.7918424959883824,33566,205.5695028202385,0.8162211346924723,0.98879818864327,0.8980951645610464,0.7794119252390005,0.0079466555126403,0.0018089740416427,0.6074829492047654,0.9946908906803864,DERMASON
657,12243,33507,676.021,250.49454695967887,170.6671509809785,1.4677373209774704,0.7319849285745542,33882,206.5488741810061,0.7979757085020243,0.9889321763768372,0.9213508385035764,0.8245643535475983,0.0074758870373258,0.0021317718218968,0.6799063731413687,0.9979239586300208,DERMASON
156,13513,40834,750.3299999999999,278.3408373627306,187.3299607243195,1.4858319314567383,0.7396209796464154,41275,228.0163668900012,0.7471091920374707,0.9893155663234404,0.9114380738925504,0.8191983937766661,0.0068163990146135,0.0018936126062081,0.67108600836627,0.9971210199844478,DERMASON
533,3688,181181,1601.361,576.0441325901379,403.3586387664746,1.4281189919515769,0.7139254029461908,183119,480.2986716145085,0.768292320935617,0.989416718090422,0.8878590413996713,0.8337879763741064,0.0031793848835702,0.0009478625838681,0.6952023895460275,0.9928317357608002,BOMBAY
1266,8988,45674,809.693,305.7368434651361,190.68785339007175,1.6033367518156476,0.781664372209648,46164,241.1512864702028,0.7078167617158443,0.9893856684862664,0.8754636976742327,0.788754419444714,0.0066938924435157,0.0015981800871811,0.622133534193568,0.9974895599095044,SIRA
1276,741,37810,712.6320000000001,241.1020938059275,200.0346227844618,1.2053018145049623,0.5582575444079945,38253,219.4110006048842,0.7976793248945148,0.988419208950932,0.93559071126259,0.9100335759899982,0.0063766753188555,0.0026977626119929,0.828161109429144,0.99818408789739,SEKER
1134,5163,82691,1103.441,436.4676804603554,243.49353288379888,1.792522681366854,0.8299263337760638,83931,324.4771967237379,0.7210208743874579,0.9852259594190466,0.8534338696893662,0.7434163198097559,0.0052782972809659,0.0009944935531539,0.5526678245594815,0.9906696107845476,CALI
270,8161,41973,777.9159999999999,305.72670577456853,175.50057064553354,1.7420268472634122,0.8188244777023689,42458,231.17457345298376,0.6578840125391849,0.9885769466296104,0.8715944722319202,0.7561477917583139,0.0072838897809203,0.001468824408717,0.5717594829809745,0.9960203695303056,SIRA
1243,8345,42811,769.4639999999999,285.173548486349,191.83853014346408,1.4865290527043,0.7399080578375034,43273,233.4708935813136,0.817627960275019,0.9893235967000208,0.9086332493742556,0.8186975784413948,0.0066612213797002,0.0018459828134652,0.6702657249458037,0.9963694731638466,SIRA
742,4669,74623,1049.888,404.9169923670669,236.8822830580181,1.7093595482946826,0.8110228837284125,75557,308.2417144819501,0.7715363937138131,0.9876384716174544,0.8507395534028191,0.7612466759669144,0.0054261687732611,0.0011240217049098,0.5794965016706763,0.990567878334136,CALI
489,113,33338,659.103,232.26379452555997,182.91850915708577,1.2697664965446325,0.6162553926930306,33639,206.02732814454703,0.7767474370922647,0.9910520526769524,0.9643680853766636,0.887040223231496,0.0069669384643817,0.0026606943756877,0.7868403576305822,0.9991035242485098,SEKER
808,952,38866,727.944,250.82295741950995,197.6335924860025,1.2691311950789672,0.6157512525947079,39268,222.45387869326268,0.7549141480848419,0.9897626566160742,0.9216876511962608,0.8868960041851391,0.0064535315550741,0.0024630203131308,0.7865845222395665,0.9982789547405194,SEKER
128,6680,55573,916.723,372.3930491992671,194.77108392593365,1.911952440234293,0.8523169957590725,57240,266.00327294897556,0.7906245554132878,0.9708770090845562,0.8309931630396034,0.7143078355542493,0.0067009707807616,0.0010761161356889,0.5102356839341965,0.9755463609926004,HOROZ
818,9566,48854,837.4069999999999,309.6480673515813,201.47713087320477,1.5368894028298008,0.7593649841181817,49375,249.4049813425779,0.6976252695311942,0.9894481012658228,0.8754610289883095,0.8054465945023902,0.0063382336625779,0.0016454890889091,0.6487442165954979,0.9970481116327417,SIRA
827,323,35283,681.3729999999999,223.97501221467363,200.83652053491224,1.1152105783257638,0.4426557428212355,35589,211.95214284571583,0.7790805511393747,0.9914018376464638,0.955004742266782,0.9463204879416004,0.0063479582862759,0.0031402686087291,0.8955224658980286,0.9986961270978548,SEKER
1009,11564,30891,640.842,218.60577019404224,180.7010365300824,1.2097648933942315,0.5627797474648984,31281,198.32206830409444,0.74273280276983,0.987532367891052,0.9452352241095884,0.9072133280290668,0.0070766815640167,0.0029569712636118,0.8230360225535754,0.9956800860841384,DERMASON
968,10470,26386,586.4970000000001,204.01684728256353,165.0594356161769,1.2360205069219838,0.5877424842290486,26654,183.2912944669823,0.779935562058467,0.9899452239813912,0.9639440614768868,0.8984125424363785,0.0077320111908801,0.0031072447435447,0.8071450964069975,0.9976478912205706,DERMASON
915,7851,40311,762.303,290.1587641706972,177.87560050728356,1.6312454509960512,0.7900607711293149,40886,226.55144953811077,0.7729076790336497,0.9859365063836032,0.8717223442128809,0.7807844446319498,0.0071980046183596,0.0016501236673622,0.6096243489792225,0.994446946088786,SIRA
310,5268,85244,1102.784,421.01734276888544,258.96380937592545,1.62577675924482,0.7884564385807994,85958,329.44807140337645,0.8197878499370089,0.9916936178133507,0.8808313666734829,0.7825047520292405,0.00493896746714,0.0011422570908589,0.6123136869483431,0.9954853616081244,CALI
506,13002,37119,721.6429999999999,269.81542230121204,175.91130092952542,1.5338151720525732,0.7582455903951016,37615,217.3968230242211,0.6937871481439947,0.986813771101954,0.8956974237962486,0.8057242286970805,0.0072689302594685,0.0018897134683206,0.6491915327095051,0.9957398224379032,DERMASON
1102,10459,26311,600.1289999999999,224.1376271537175,149.6148017978555,1.4980979452591174,0.7445980556556739,26567,183.0306140008465,0.7175857742868053,0.9903639853954154,0.9180323626324784,0.8165992311291889,0.0085187802498467,0.0023366466600155,0.6668343042807824,0.9989831010713331,DERMASON
582,6692,55701,932.537,386.3861055766393,183.97158041692816,2.100248879207247,0.8793727131520411,56186,266.30943633542785,0.7245658536585365,0.9913679564304276,0.8048977470054216,0.6892313996073692,0.0069367893857675,0.0009656027405107,0.475039922204733,0.9977020641891886,HOROZ
697,7320,65042,1023.506,419.2028581371172,198.96277411407928,2.1069411602431662,0.8801898884673471,65748,287.77429779023777,0.7834025895814514,0.9892620307842064,0.7802305753046068,0.6864798085324828,0.0064451102078213,0.0008829196491023,0.4712545275227942,0.9929055609887212,HOROZ
235,9865,51338,902.5929999999998,348.68180968796094,189.3322494282022,1.8416398196345656,0.8397363549190815,51994,255.6669156297189,0.6275271971641608,0.987383159595338,0.7918900525652695,0.7332384670669166,0.0067918853420071,0.0012110193196906,0.5376386495866419,0.9901367456533148,SIRA
956,3614,171896,1565.283,563.3965748616343,391.72926106737106,1.438229488720117,0.7187202804975127,173913,467.8298673468759,0.8186147516001219,0.9884022471005618,0.8816371820134895,0.8303739998095856,0.0032775432520921,0.0009612208081017,0.6895209795597697,0.9916894058940418,BOMBAY
702,12224,33433,686.2760000000001,257.1752230274985,165.89314503668356,1.5502462321190542,0.7641329223818278,33818,206.32066716432143,0.7535046202389002,0.9886155301910226,0.8920466975712887,0.802257172115918,0.0076922568428647,0.0019655675466145,0.6436165702114295,0.9977641628996572,DERMASON
552,9999,53942,893.241,352.1032086982546,196.6905070460832,1.7901382938412949,0.8294263667499608,54569,262.07076815643546,0.6706367953850362,0.988509959867324,0.8495708652798839,0.7443009938061225,0.0065274407455833,0.001235711522516,0.5539839693807816,0.9917079177627406,SIRA
752,12936,36726,704.853,261.431070938213,179.12607128649205,1.4594808508923491,0.7283783522916746,37172,216.24290860035987,0.7594292803970223,0.9880017217260304,0.9289372726483603,0.8271507584171853,0.0071184194014652,0.0020554268431886,0.684178377150125,0.9985452400452106,DERMASON
1309,13528,41169,753.9250000000001,266.1669592600919,197.3244373829632,1.348879858927562,0.6711121184200783,41710,228.9497735687937,0.7945996024010346,0.9870294893310956,0.9101728838871692,0.8601735324521235,0.0064652277019138,0.0021832722185889,0.7398985059311645,0.9980341923011428,DERMASON
224,1364,41393,737.3969999999999,258.0760050578216,204.65184270654177,1.2610490169291406,0.6092338870612151,41782,229.5717850155428,0.7626812595581597,0.9906897707146618,0.9566080576766252,0.8895510644784955,0.0062347741177933,0.0024081526975001,0.7913010963148245,0.9978694696027606,SEKER
511,9821,50839,845.1509999999998,320.7776675080188,202.49873773179243,1.584097121301001,0.775559539853315,51285,254.4213536926312,0.813280862568188,0.9913035000487472,0.894413290770235,0.7931392346266474,0.0063096769705938,0.0015402266159794,0.6290698455041439,0.9965077313603798,SIRA
579,10430,26160,593.629,217.32751558680607,153.58197227259666,1.4150587622423925,0.7075288765934163,26449,182.50464785936785,0.7258601553829079,0.9890733109002232,0.9328619639619388,0.8397677917892126,0.0083076267426149,0.0025485525541075,0.7052099441265305,0.997913510656715,DERMASON
294,11362,30150,639.5169999999999,237.886747802156,161.56247598054418,1.4724133581042853,0.7339929297161226,30459,195.928998042059,0.7979356887653831,0.989855215207328,0.926388154588515,0.8236230048636752,0.0078901077214645,0.0022396315116171,0.6783548541406695,0.9988187487716058,DERMASON
417,84,32934,668.1969999999999,221.40873083037212,189.6018110515005,1.167756413308901,0.5164075045016255,33401,204.77517224094296,0.7767086458185934,0.9860183826831532,0.9269265082081328,0.9248739716494168,0.0067228010818719,0.0030343121339751,0.8553918634345662,0.998889334417966,SEKER
137,13354,39346,738.495,280.11788314818074,179.13121263567498,1.5637580912149405,0.7688034900644244,39763,223.82333016723192,0.795125697195053,0.9895128637175264,0.9065992034119704,0.7990326345884553,0.0071193484254608,0.0017901032475436,0.638453151137368,0.9983862809527344,DERMASON
493,8820,44920,804.3689999999999,304.9769234684263,188.53959745490815,1.61757491574875,0.7860134551023995,45476,239.15250437639892,0.6846517299192196,0.9877737707801918,0.8724468161996263,0.7841659023134514,0.0067893348946666,0.0015835756327443,0.6149161623510694,0.9946729595075756,SIRA
796,7762,39542,740.9649999999999,271.68131754164847,185.7898430033219,1.4623044680477546,0.7296206465337215,39952,224.38011961383256,0.7853426017874876,0.9897376852222668,0.9050511139988198,0.8258945504393592,0.0068707024819596,0.0019718746671676,0.6821018084454313,0.9974405221532078,SIRA
569,7596,37882,722.9639999999999,264.887378487173,182.74089071822385,1.4495243918648422,0.7239223540769986,38277,219.6198088371298,0.7452978673172267,0.9896804869765132,0.9107714734644856,0.8291063549023145,0.0069924338336722,0.0020382108256177,0.6874173477394029,0.9964282129393006,SIRA
693,3410,146154,1460.105,540.33833521516,346.7667544893402,1.5582183938332828,0.766906737853218,148196,431.3804033810797,0.7357139980670103,0.9862209506329456,0.8614942705618887,0.7983523938002773,0.0036970478756322,0.0009264316095738,0.6373665446866329,0.9931562735446744,BOMBAY
257,8278,42476,775.825,298.45185823986765,181.8538174131407,1.641163559200059,0.7929215086419464,42879,232.55563399361188,0.7820739431433201,0.9906014599221064,0.8868005135985955,0.7792065204925125,0.0070263644938286,0.0015977938688503,0.6071628015780485,0.9964534644517092,SIRA
513,5785,46127,862.115,358.66096697006986,166.12435582136763,2.158990866792197,0.8862645676495716,47134,242.34421899438587,0.727635543356522,0.9786353799804812,0.7798923691643542,0.6756916456275807,0.007775510372885,0.0009997763630891,0.456559199970908,0.9857071428871428,HOROZ
1000,8808,44856,792.403,298.99996529881804,191.74519903346763,1.559360895636453,0.7672999623771051,45416,238.98207677279996,0.6922222222222222,0.9876695437731196,0.8977143861388167,0.7992712525366459,0.0066657741505889,0.0016780586248754,0.6388345351314989,0.9961735928661511,SIRA
28,5651,42780,801.2139999999999,322.59410495120557,169.39453601039023,1.9043949855113296,0.8510398231485056,43293,233.38634862341513,0.800763701707098,0.9881505093202134,0.8374397775671012,0.723467493799108,0.0075407691666948,0.0012742994615759,0.5234052145839624,0.9967702660441796,HOROZ
1133,8157,41955,765.6419999999999,292.8365735201931,183.20440901693183,1.59841444368912,0.780127970430093,42360,231.12499886287452,0.69421692727724,0.9904390934844192,0.8993776508915108,0.7892627484487926,0.0069797777027813,0.0016707357892071,0.6229356860889421,0.9957093981339566,SIRA
39,452,36085,689.809,237.31039868389047,193.8350869618133,1.2242902067087682,0.5769212089689724,36414,214.34749583740964,0.7559284397519692,0.9909650134563628,0.9529691923411028,0.903236845187435,0.0065764278421474,0.0027000785752786,0.8158367985041504,0.9988210026812662,SEKER
629,11179,29518,639.648,242.68716983601124,155.1601621962744,1.5641074770791807,0.7689222861665469,29815,193.8646045091587,0.7902021148440637,0.9900385711889989,0.9065978813598036,0.7988251074012569,0.0082216671128129,0.002065125632609,0.6381215522146295,0.9980906911042752,DERMASON
120,4880,77345,1070.0099999999998,406.6499302666471,244.8217037385452,1.6610044128314896,0.7984618865505857,78693,313.81318102900195,0.7670223526845038,0.9828701409274014,0.8489193538374937,0.771703516150192,0.0052576110966015,0.0011501914563053,0.5955263168385696,0.989171840226148,CALI
233,833,38241,705.456,246.3847077292288,197.8848538896466,1.2450912886270158,0.595771529426309,38534,220.6580010564252,0.7811619070964579,0.9923963253230912,0.9656044119854332,0.8955831840786294,0.0064429462547848,0.0025567484017522,0.8020692396044162,0.9986494231071532,SEKER
34,338,35354,687.7410000000001,235.01530838198147,191.82825470978185,1.2251339550450355,0.5777168096922498,35726,212.16529137577368,0.7543635044595229,0.9895874153277724,0.9392876021762532,0.9027722186970536,0.00664748849867,0.0027236424918437,0.8149976788512008,0.9984813296434956,SEKER
572,2528,66884,1022.644,352.6405248204782,242.60097545797584,1.4535824687216223,0.7257529064300494,68186,291.82075613305267,0.7715485418973791,0.9809051711495028,0.8036799854841282,0.8275304044582296,0.0052724197838119,0.0015251957297651,0.6848065703028011,0.995422825057533,BARBUNYA
711,4416,71167,1037.115,407.982506838696,223.57188012421952,1.824838197952334,0.8364824004491522,71982,301.0193327349048,0.6947052966556686,0.9886777249868024,0.8314472316358311,0.7378241166940984,0.0057327484204574,0.001047982504443,0.5443844271754265,0.9934134970801188,CALI
1316,1881,47406,803.384,281.504905245126,215.0450277999132,1.3090509839969415,0.6453202078393226,48073,245.6810816031937,0.8043640559250712,0.9861252678218544,0.9229896261521569,0.8727417427744714,0.0059381703844476,0.0021250806242967,0.7616781495810218,0.997075531198006,SEKER
525,8569,43775,783.151,289.91811617778603,192.8547699096898,1.5032976177542778,0.7466614187351018,44195,236.08485989317856,0.7755337053769156,0.9904966625183844,0.8969020262291045,0.8143156523147543,0.0066229152753349,0.0017963877820024,0.6631099816048038,0.9968516556555844,SIRA
428,4002,63449,967.614,363.3525268843654,223.93029894090452,1.6226143965460187,0.7875197874438703,64133,284.2283868192995,0.7652109941266568,0.9893346639015796,0.8515896196291861,0.7822386409597019,0.0057266864234954,0.0013226356590458,0.6118972914104813,0.9928733542501617,CALI
139,5828,46987,855.4979999999999,359.2125934063292,167.09383872539766,2.149765641548638,0.8852229532178518,47402,244.59294038968312,0.7941285830178475,0.9912450951436648,0.8067697096890017,0.6809141574638722,0.0076449356929859,0.0010137317658414,0.463644089834735,0.9967261342338034,HOROZ
19,3122,79278,1088.437,420.04528582640864,241.17813639127527,1.7416391556527675,0.8187348793930176,80286,317.7103785328931,0.7575682287286905,0.9874448845377776,0.8409224677880982,0.7563717276527006,0.0052983839883247,0.0010697057750169,0.572098190392331,0.9963886092653756,BARBUNYA
460,4167,67549,991.709,384.4144069739145,224.282669435808,1.7139728537248298,0.812156379933852,68128,293.2678946071586,0.766209165154265,0.9915012916862376,0.863098335257248,0.7628951706460344,0.0056908970817319,0.0011891043204928,0.5820090413950421,0.9975476975735128,CALI
382,5654,43000,968.539,348.5200766261717,158.31931420367383,2.2013743451276535,0.8908683008840428,44715,233.98568422792877,0.6682102842224674,0.9616459800961646,0.5760286618659178,0.6713693124740863,0.0081051180610737,0.0010157458416276,0.4507367537319273,0.992240326071586,HOROZ
643,11376,30197,651.9060000000001,242.90284072783865,158.84318982003188,1.5291989603271356,0.7565488829655486,30602,196.08165271735064,0.7489335317460317,0.9867655708777204,0.8929018166971067,0.8072431435128874,0.0080439394882881,0.0021070071888197,0.6516414927485682,0.996489493217133,DERMASON
892,9267,46994,800.5709999999999,299.43547600435744,200.20435217958897,1.495649184168361,0.7436168591699194,47498,244.61115911847568,0.759437621202327,0.989389026906396,0.9214092511595968,0.8169077438069364,0.006371780993411,0.0017503812582547,0.6673382618917394,0.998103926962712,SIRA
996,1401,41723,741.1759999999999,261.35379830268573,203.79745308312343,1.28241935484879,0.6260584549230709,42061,230.4850830856201,0.774483961983962,0.9919640522098856,0.9544269542876872,0.8818891655008007,0.0062640222012483,0.0023371634147564,0.7777285002276985,0.9973740815095224,SEKER
882,7047,59921,997.748,392.7859810775687,195.35975710289293,2.01057775102932,0.867538820787746,60874,276.21329939030034,0.6506645528384659,0.9843447120281236,0.7563924491265506,0.7032157783038412,0.0065550638520313,0.0009888060513402,0.494512430855477,0.9942556910854474,HOROZ
532,7955,40901,753.0649999999999,278.68875347878856,187.6094912233756,1.4854725721044155,0.7394727920836489,41488,228.20335365461412,0.7998474655819775,0.9858513305052063,0.9063143645966396,0.8188466552956291,0.0068137393579322,0.0018896248741364,0.6705098448888389,0.9960239839083564,SIRA
1144,11192,29561,648.564,236.7114228443546,160.1198467928389,1.4783390540624797,0.7365025086260423,30075,194.0057581153615,0.7318528421469598,0.9829093931837074,0.8831272962709705,0.8195876472041932,0.0080075580272776,0.0022287506028369,0.671723911449705,0.9930356918437055,DERMASON
1261,6298,52266,901.21,374.4981636743252,178.0553306862564,2.103268474080185,0.8797424870870643,52856,257.96731972311534,0.7615730959215492,0.9888375964885728,0.8086807849271459,0.6888346719570337,0.0071652348309479,0.0009951079287628,0.4744932052901543,0.9979865998520387,HOROZ
684,873,38511,711.1120000000001,249.65467038397853,196.62740161478297,1.2696840233543971,0.6161900125566425,38797,221.43560713511243,0.8050294744763578,0.9926282960022682,0.9570147802422294,0.886967613281722,0.0064826846974625,0.0024749459050592,0.7867115470106743,0.998875082227875,SEKER
408,5502,33263,719.325,271.3390351065366,158.5661121824373,1.7112044394097845,0.8114774665481199,34108,205.79544935815687,0.672740878569695,0.9752257534889176,0.8078318484446979,0.7584439491994023,0.0081573831316037,0.001665039676767,0.5752372240771857,0.9843484915546408,HOROZ
480,3422,148325,1454.9309999999998,549.7336941197211,344.9498496953945,1.5936626573548576,0.7786283530496033,149846,434.57249737281234,0.7788869517728113,0.989849578901005,0.8805204080610298,0.7905145746408825,0.0037062780658669,0.0008928063854091,0.6249132927196555,0.99590097869198,BOMBAY
714,10605,27059,616.194,221.029121390392,156.25576843028702,1.4145341551918666,0.7072670049526059,27496,185.61408578281112,0.7952448127902192,0.9841067791678788,0.8955434798586304,0.8397720834937892,0.008168414257378,0.0025058971988046,0.7052171522154996,0.9975537486359658,DERMASON
26,4169,67573,1024.5079999999998,396.9407079408076,221.5445158142519,1.7916972870301695,0.8297535220430502,69713,293.31998867514835,0.7618838226672079,0.9693027125500264,0.8090071436503732,0.7389516439288677,0.0058742501878088,0.0010804291195852,0.546049532065176,0.9783554651852696,CALI
278,9431,47938,828.6650000000001,317.93981140383784,192.90051308668424,1.6482061468699378,0.7949154494180589,48607,247.05577770113825,0.7211975327215285,0.9862365502911103,0.877266979790857,0.777052035761999,0.0066323128082906,0.001491575269939,0.6038098662818671,0.9952031331464885,SIRA
876,4632,74215,1058.806,404.4510377956156,236.06968779890215,1.713269677130892,0.8119843015712347,75634,307.39790632423,0.6716289592760181,0.9812385963984452,0.831895487338645,0.7600373780708898,0.0054497209161977,0.0011217441915444,0.5776568160648726,0.9896819067519236,CALI
340,771,37996,723.8239999999998,247.2044980605834,196.76459283252012,1.2563464518791556,0.6053508129368089,38627,219.95001646228,0.7678131188619003,0.9836642762834288,0.9113428381556078,0.8897492488521627,0.0065060663770024,0.0025151782722157,0.7916537258329878,0.994591349567188,SEKER
475,9527,48560,828.554,306.81957385903945,202.46114745852472,1.5154491501728409,0.7513794562949954,49122,248.65339791030303,0.8093333333333333,0.988559097756606,0.8888877180528887,0.8104222125819802,0.0063183602524513,0.0016812391354402,0.6567841626462724,0.995323001129274,SIRA
175,1810,45956,779.419,282.8423292581776,207.0513010385164,1.366049514489949,0.6812639225220386,46324,241.8945979509446,0.74420261691929,0.9920559537172956,0.9506269185944348,0.8552277114439402,0.0061546333287966,0.0020309957074861,0.7314144384216394,0.999148338496819,SEKER
1014,12743,35674,712.727,258.2219166748692,176.30501911903534,1.4646316818724614,0.7306375680029606,36178,213.12331528690655,0.7192338709677419,0.986068881640776,0.8825010876610294,0.8253494437315835,0.0072383785579096,0.002071917730008,0.6812017042680344,0.997709597816478,DERMASON
1046,2810,71682,1058.192,388.21673550523866,236.42093803268347,1.6420573352583965,0.7931762611689546,72768,302.10653261011413,0.7653917611634313,0.9850758575197888,0.8044351339270038,0.7781903894919477,0.0054158189713629,0.0012251446112627,0.6055802822976293,0.9943975446346724,BARBUNYA
1344,10860,28154,625.9219999999999,236.0887675492946,152.157334726225,1.551609509814867,0.7646110071923239,28525,189.3324751395644,0.7797164063365459,0.9869938650306748,0.9030453015099288,0.801954608450537,0.0083856207838777,0.0021395090662141,0.643131194015054,0.9978884766923484,DERMASON
912,3867,241322,1895.94,726.3734931585373,427.3701204803078,1.6996356515101922,0.808598089839022,244319,554.3110258822018,0.8208231292517006,0.9877332503816731,0.8436408515840113,0.7631212194595028,0.0030099762688794,0.0006296757286588,0.5823539955893585,0.9897896127030832,BOMBAY
668,12314,33777,699.5,247.20412307875793,174.5063749050553,1.4165907876618016,0.70829141121538,34437,207.3793917015854,0.7651549474447263,0.980834567471034,0.8674720690234876,0.8388994047462365,0.0073187116404286,0.0022359080720224,0.7037522112835899,0.9969288993009552,DERMASON
625,8007,41198,776.727,303.90093807255363,172.7715856799355,1.7589752208186544,0.82267438858975,41696,229.03039703061083,0.7238640756228696,0.9880564082885648,0.8581223100769438,0.7536350446405397,0.0073765944480934,0.001467844369664,0.5679657805103482,0.9990377341906292,SIRA
1016,8657,44193,808.5409999999999,308.87194734577474,183.46868932099017,1.6835131296184471,0.8044680216206921,44887,237.20934888929028,0.7247486757301933,0.9845389533718004,0.8494919225443486,0.7679860567710932,0.0069891599879115,0.0014997472892764,0.5898025833948128,0.9929403930280468,SIRA
1298,11729,31507,644.7589999999999,232.2807815827428,173.1442547534373,1.3415448402461734,0.6666070625127685,31766,200.28968604491536,0.8249201445253181,0.991846628470692,0.9524059301954552,0.8622740317996064,0.0073723547650599,0.002514011250621,0.7435165059159485,0.9974607321494044,DERMASON
1271,4847,76885,1059.3089999999995,417.9121901855012,236.54815692184928,1.7667108280347792,0.824389045905113,77779,312.87860648654606,0.8087709332660102,0.9885058949073656,0.861005961573733,0.7486706868915854,0.0054355490692007,0.0010533834738367,0.5605077974107185,0.990255194883441,CALI
146,8390,42982,784.328,294.3925643634855,186.6105509289939,1.5775772746928074,0.7734286474453411,43461,233.93670535383447,0.7132284614363468,0.988978624513932,0.8780132002051481,0.7946420313285957,0.0068492058155387,0.0016846361276677,0.6314559579540368,0.9961705692376652,SIRA
537,146,33824,656.3389999999999,220.753864836952,195.2815454499328,1.1304389481777728,0.4663275549513679,34079,207.52362362179915,0.7884382284382284,0.992517386073535,0.9866847311746488,0.9400679067389164,0.0065265451997679,0.0031441265542917,0.8837276692804881,0.9990001769370296,SEKER
427,9524,48551,830.6229999999999,314.2846765283203,197.56152246012107,1.5908192679156967,0.7777231771975793,49079,248.63035441481577,0.751749659358355,0.9892418345932068,0.8843010451734278,0.7910991944031722,0.0064732894590908,0.0015639705074574,0.6258379353853479,0.9955950462035904,SIRA
975,90,33013,652.684,223.78185388039773,188.02914232970517,1.1901445228527443,0.5422238229570202,33289,205.0206260119745,0.7897846889952153,0.9917089729340022,0.9738429464115214,0.9161628722655488,0.0067785979426407,0.0029458483762575,0.8393544085178604,0.9989530520298364,SEKER
1077,9572,48889,826.058,316.85991327796,197.60783045596008,1.6034785288965412,0.7817083710920726,49359,249.49430474974247,0.7567722361536795,0.9904779270244536,0.9003262965021228,0.787396241350599,0.0064812107688428,0.001536771355895,0.6199928408930508,0.9941452084415764,SIRA
1025,10559,26814,606.0550000000001,227.73145481201303,150.52852344591753,1.512879084965138,0.7503935136990393,27120,184.771873272229,0.7994633273703041,0.988716814159292,0.9173760377296594,0.8113585952575318,0.0084930056989637,0.002270348586766,0.6583027700982754,0.9959324924562948,DERMASON
958,13576,41732,793.483,268.54093357650834,198.30080817559096,1.3542099805197028,0.674321466125952,42417,230.50994052510575,0.7596475899228193,0.9838508145319094,0.8329209953958103,0.8583791582724672,0.0064348924944049,0.0021549525681747,0.7368147793565496,0.997801927999062,DERMASON
1254,1342,41323,763.4979999999999,264.0834418239405,199.9943150104732,1.320454742976625,0.6530499226417598,41984,229.37758763028947,0.7553926586721263,0.9842559070121952,0.8908116739680353,0.8685799686873636,0.0063907132063001,0.0022437182920522,0.7544311620049416,0.9961922061187916,SEKER
544,5696,44029,823.817,327.6936099978072,172.19761708392923,1.9030089704324369,0.8508037309978252,44653,236.76879844089356,0.7009201477330617,0.9860255749893624,0.815243202681653,0.7225310204934358,0.0074426766448887,0.0012512235315154,0.5220510755752856,0.9934678798436708,HOROZ
789,11051,29002,643.039,247.10405014928568,149.7897089465548,1.649673077590749,0.7953269421715088,29355,192.1626739937004,0.7989531680440771,0.9879747913473004,0.8813799875804964,0.7776589411529558,0.0085202417126158,0.0019221547844547,0.6047534287551366,0.997645449998044,DERMASON
1331,1132,39901,730.8290000000001,258.1497116155328,197.14903280385627,1.309414040455203,0.6455708558371213,40316,225.3963865603833,0.7693242070760629,0.9897063200714356,0.9387762624442132,0.8731227517157576,0.0064697554350901,0.0023193636553943,0.7623433395636965,0.9982230724722126,SEKER
934,10051,56985,924.718,367.3525331720456,199.4416048979047,1.8419052201274424,0.8397869417794943,57768,269.3613844943875,0.6578886605555427,0.9864457831325302,0.8374363224454536,0.7332503798693963,0.0064464777252267,0.0011495065113888,0.537656119578614,0.9903116132853136,SIRA
440,10404,25994,612.4979999999999,226.90055136876097,146.65248534010843,1.5471988138663015,0.7630585655170812,26369,181.9246787157966,0.7044444444444444,0.9857787553566688,0.870710193382473,0.8017815629726297,0.0087289586584889,0.0022251867279072,0.642853674722833,0.9946224430207604,DERMASON
113,8110,41714,773.739,298.36608762254644,179.41579382912073,1.6629867485730738,0.7990024998646557,42130,230.46022296501096,0.8201407730722347,0.9901258010918584,0.8755938956184285,0.7724075641483725,0.0071526606804081,0.0015704837899495,0.5966134451536222,0.9921602533110022,SIRA
381,3961,61876,954.989,376.59055175914455,209.70230924149357,1.7958340712665313,0.8306168820084071,62369,280.68304200651835,0.8013884032067969,0.9920954320255256,0.8525804235033292,0.7453268296174206,0.0060862135845747,0.0011585478383725,0.5555120829475554,0.9976075255574596,CALI
592,2663,69112,1103.241,396.14079826283785,223.26823986239393,1.7742819064054511,0.8260421840817173,70526,296.6414189147169,0.6755816226783968,0.9799506564954767,0.7135469243511503,0.7488282454509937,0.0057318670891138,0.0011117438708528,0.5607437411852136,0.9949174741150258,BARBUNYA
250,11428,30414,661.067,257.3362290161713,150.77790749544852,1.7067237056857243,0.8103704051413845,30745,196.7849270487332,0.7992746767581205,0.9892340217921614,0.874565718185374,0.7646996608330925,0.0084611109691645,0.0017847226853982,0.5847655712782466,0.9980332627694388,DERMASON
321,4362,70350,1008.987,399.4792388519846,226.18991534489123,1.7661231193391809,0.8242596905792495,70996,299.28648812153,0.7121166109930155,0.9909008958251168,0.8683660271508556,0.7491915949915533,0.0056784539993174,0.0011035231811718,0.5612880460059875,0.9913037946598884,CALI
879,1721,44782,765.251,272.73144845975406,209.39883502725212,1.302449693305407,0.6407088035850526,45136,238.78486822311427,0.7491886104326295,0.9921570365118751,0.9609605034791896,0.8755311115445157,0.0060902025023392,0.0022074853426375,0.7665547272823753,0.9983989694507396,SEKER
1117,2235,59802,1015.517,375.26400850397334,206.2712910954468,1.8192740565643208,0.8353820174550283,61962,275.93889043455295,0.6653612078461042,0.9651399244698364,0.728704038952086,0.7353193596545811,0.0062751079981267,0.0011316313456551,0.540694560682823,0.9836715867757028,BARBUNYA
1165,9274,47021,813.3809999999999,306.42356332005704,195.57625069005172,1.5667728685814497,0.7698253424388398,47446,244.68141865084908,0.7582075593395253,0.991042448256966,0.8931279453189853,0.7985071905037578,0.00651673854916,0.0016342759337894,0.6376137332862046,0.9989958979477542,SIRA
679,10973,28640,621.6969999999999,223.64818139668697,163.2321504825332,1.3701233533685424,0.6835952716243433,28927,190.95963071082605,0.7394020756957712,0.990078473398555,0.931162192630788,0.8538394075832841,0.0078089448811692,0.0025602177281409,0.7290417339421738,0.9988771052544676,DERMASON
362,10109,22748,554.7470000000001,204.26642710270963,142.1328541809767,1.4371513769970363,0.7182153164777175,23002,170.18711221369108,0.7914274779946422,0.9889574819580906,0.9288875863295052,0.8331624272652367,0.0089795334580055,0.002669022542773,0.6941596302065007,0.997612468407026,DERMASON
653,5685,43871,814.5949999999999,328.48325157859387,170.89771767060282,1.922104379484632,0.8540060290023554,44373,236.34358901200667,0.6435056839017235,0.9886868140535912,0.8308142134838066,0.7194996636090544,0.0074874803760706,0.0012377639816894,0.5176797659335425,0.9950345452714412,HOROZ
1040,7646,38496,727.03,268.630201097971,182.6817648121934,1.4704817493641864,0.7331664391923516,38871,221.3924784497541,0.8011988011988012,0.9903527051014896,0.9152101036687856,0.8241533436853251,0.0069781328215391,0.0019858712756698,0.6792287339077016,0.9987934568550184,SIRA
403,901,38631,710.756,236.00332477960927,208.60357062264544,1.131348442767208,0.4676740887735799,39019,221.78033468426383,0.786541789677288,0.9900561265024732,0.960958749343769,0.9397339418475248,0.0061091694437008,0.0029388781943776,0.883099881460287,0.9990936756980018,SEKER
1024,7883,40485,764.309,288.2349681720853,180.6038737551428,1.595951195171292,0.779352625632663,41179,227.03987087866983,0.7010025453223209,0.9831467495568128,0.8708955279855025,0.7876902386913718,0.0071195496646186,0.0016906516823621,0.6204559121296702,0.9902173545144416,SIRA
617,12475,34509,695.555,270.4299670830341,163.12320207780425,1.6578264994703094,0.7975904007057336,34931,209.61446383602856,0.7978221667360245,0.9879190403939194,0.8963534301081693,0.7751155173260349,0.0078365054647493,0.001744889497489,0.6008040651996067,0.9960289002773954,DERMASON
737,10871,28192,625.4499999999999,233.69546935303467,154.23262963134908,1.515214192428799,0.7512895824493439,28568,189.46020491167457,0.7127831715210357,0.9868384206104732,0.9056294921745754,0.8107140691951729,0.0082894249912398,0.0022088946751615,0.6572573019909955,0.9958855920542176,DERMASON
1064,8714,44459,783.979,295.5516021962363,192.01857566286168,1.539182348249232,0.7601944663780894,44918,237.92216567478656,0.7999820062977958,0.9897813794024668,0.9089933264707126,0.8050105765179182,0.0066477339165576,0.0017221054294868,0.6480420283057111,0.9974548508917797,SIRA
661,8641,44129,777.472,286.73556671644616,196.75648392277452,1.4573119065747675,0.7274177323459794,44588,237.0375241804934,0.7485962442110977,0.9897057504261236,0.917412040391714,0.8266763934970811,0.0064976674458167,0.0018718859621293,0.6833938595653409,0.995918008424656,SIRA
780,7409,70854,1063.8590000000002,442.2777824204682,204.433968797594,2.1634260931379687,0.886760179762778,71368,300.3566458440119,0.6070372940601948,0.9927978926129356,0.7866944622801867,0.6791131225272953,0.0062421004095812,0.0008189907616269,0.4611946331887733,0.9977605034557864,HOROZ
608,5700,44154,819.8040000000001,340.64832243766045,166.25028143753977,2.049008997110432,0.8728208137106152,44617,237.10465802728623,0.8260495397740029,0.9896227895196898,0.8255813076240422,0.6960394119383254,0.0077150048112891,0.001116995155809,0.48447086297145,0.9926851570663564,HOROZ
369,4827,76592,1094.186,429.0375007245993,228.81373472722444,1.8750513435570968,0.8459143768321118,77712,312.2818650039665,0.6695104895104895,0.985587811406218,0.8039165449353473,0.7278661293629467,0.0056015967819693,0.0009698345417616,0.5297891022737979,0.993381768020393,CALI
1179,6380,52995,917.029,386.789932848892,175.04640767938992,2.2096422198924848,0.8917329634304089,53658,259.7601387304063,0.7459881756756757,0.9876439673487644,0.7919150937231777,0.6715793682042064,0.0072986118095837,0.0009158184963832,0.4510188477975611,0.9965902880607536,HOROZ
953,9716,49884,859.689,333.21966935485165,191.36691483748865,1.7412606021151893,0.8186473257320419,50493,252.02039887590223,0.6683727473705366,0.9879389222268432,0.8481807173054446,0.7563190953398407,0.0066798907335989,0.0013482467535591,0.572018573975675,0.9960334065419558,SIRA
992,6145,50824,899.867,366.82019274649207,178.41433889044754,2.0560017486696074,0.8737468804451199,51974,254.3838175309505,0.7387209302325581,0.9778735521606956,0.78871854984368,0.6934836809999555,0.0072174601122794,0.0010296962666462,0.480919615813248,0.9887715710815536,HOROZ
205,4477,71970,1040.987,390.9669662889095,236.0461933790988,1.6563154893203564,0.7971739364848877,73124,302.71281775734184,0.7801287749040692,0.9842185876046168,0.8345853455595764,0.7742669940397183,0.0054323602374449,0.0012042906360434,0.5994893780593012,0.9929435425626478,CALI
212,631,37152,694.797,246.69068502283292,192.21658536090763,1.283399580528622,0.6267995370173306,37406,217.49343798377177,0.7768484442957511,0.9932096455114152,0.9671107102947684,0.8816443067708098,0.0066400378182287,0.0024747079027571,0.7772966836613819,0.9975822377573068,SEKER
1325,13410,39778,736.2860000000001,275.137348131719,184.35157064183068,1.492460016336245,0.7423297785852554,40163,225.04871163922556,0.7862507906388362,0.9904140626945198,0.9220611459399995,0.8179504279131379,0.0069168220657579,0.0019098282019652,0.6690429025232855,0.9985197812295512,DERMASON
7,9599,49068,840.5829999999999,315.3947597958782,199.12555198886653,1.5838989855682233,0.7754952560249431,49755,249.9506310875509,0.7165513011478138,0.9861923424781428,0.8726639098025728,0.7925009002981458,0.0064277076668272,0.0015639934738351,0.6280576769733717,0.994779917436458,SIRA
9,11131,29293,632.1740000000001,236.23224647997856,158.12066826970982,1.4939997981606816,0.7429525094256603,29665,193.12432778893267,0.7573556026681835,0.987459969661217,0.9210865807297168,0.817518906358538,0.0080644606725148,0.0022220115483208,0.6683371622536601,0.998495585510251,DERMASON
637,5886,47791,873.5600000000001,368.7403750466364,165.771130256232,2.224394407377662,0.8932498536523394,48367,246.67669343178363,0.8061229653369317,0.9880910538176856,0.786992335423739,0.668971206097475,0.0077156865319126,0.0009532000111885,0.4475224745875103,0.9954664896482698,HOROZ
1196,5266,85209,1122.182,430.64416217149704,256.052876396837,1.681856373697104,0.8040356487823515,87141,329.3804310631378,0.7516407325076744,0.9778290357007609,0.8502932589059305,0.7648552099307627,0.0050539750750683,0.0010669148886295,0.5850034921582312,0.9838918519213848,CALI
942,1127,39872,721.45,249.1060397290368,204.06493577784056,1.2207194674553552,0.5735236074991641,40228,225.3144627574546,0.7798314068336951,0.991150442477876,0.962643336980128,0.9044921712959616,0.0062476434522731,0.0025793795269993,0.8181060879356834,0.9986780279868316,SEKER
1052,5724,44785,839.911,334.7521645010247,174.6694204554466,1.9164898104554644,0.8530756340095703,46109,238.7928663318154,0.7396733116421953,0.9712854323450952,0.7977667002862705,0.7133422622905383,0.0074746492017645,0.0011938847286883,0.5088571831697832,0.9752196065219596,HOROZ
161,10121,23163,556.583,200.6668913308743,147.55376951180958,1.3599577428268532,0.6777233661056359,23387,171.7324884076993,0.7998549673676577,0.9904220293325352,0.9396038693303612,0.855808784741346,0.008663251363419,0.0028666035797108,0.7324086760404597,0.9960448498947876,DERMASON
1150,10839,28053,619.809,232.08738099724863,155.06697436838633,1.4966912325630863,0.7440351454593496,28323,188.99256320939065,0.7620198837398816,0.990467111534795,0.9176422886778356,0.814316411333157,0.0082731750970394,0.0022440096929192,0.6631112177665114,0.9924727458453688,DERMASON
507,7768,39587,748.8019999999999,271.08773284754665,187.2801870315699,1.4474981958547983,0.7230008426178889,40022,224.50775901387215,0.7013500106300049,0.9891309779621208,0.8872141582572732,0.8281738043090648,0.0068478978666619,0.0019871149674332,0.6858718501437492,0.9927982656706696,SIRA
1226,2512,66441,1008.386,355.990226986924,238.06288015314425,1.4953621780847055,0.7435014576890562,67698,290.85272663626336,0.747603294625979,0.9814322431977311,0.821093112928715,0.8170244703008288,0.0053579902016363,0.0014727259321871,0.6675289850703499,0.9981975970494712,BARBUNYA
1032,8382,42948,778.088,285.0214146280362,193.0020562726656,1.4767791604529297,0.735845637588846,43496,233.8441617130643,0.7894272479964708,0.9874011403347436,0.8914466832605673,0.8204441831791475,0.0066364304421168,0.0018548571593735,0.6731286577124985,0.9940623740134712,SIRA
884,7156,61250,972.39,396.1376013292868,197.38561501937937,2.0069223448243374,0.8670188248852742,61729,279.25959628100287,0.6192623448052735,0.9922402760452947,0.8140198384354242,0.7049560439198757,0.0064675526747638,0.0009852986560873,0.4969630238591616,0.9973661971344217,HOROZ
985,11009,28809,635.9209999999999,239.7660724009233,153.53962989880915,1.5615907929369244,0.7680643835343061,29166,191.52221292653053,0.7111226303317536,0.9877597202221764,0.8952239940832492,0.7987877976592029,0.0083226100316194,0.0020900900417643,0.6380619456892399,0.9963916597117368,DERMASON
1176,2987,75626,1096.341,371.1089149333782,260.32656242915607,1.4255514745421718,0.7126862730168061,77287,310.3063225429695,0.7679949630351776,0.9785086754564156,0.7906598447301313,0.8361597096062109,0.0049071604333612,0.001479677154383,0.6991630599687428,0.9966929310838584,BARBUNYA
898,8292,42547,781.126,292.3764812955531,185.87811124859368,1.5729473434584684,0.7718956969846394,43158,232.74991495132056,0.7177294197031039,0.9858427174567866,0.8762673297011228,0.7960623710907918,0.0068718471642078,0.001702321710297,0.6337152986666937,0.996800795546766,SIRA
658,11126,29281,644.3040000000001,249.1192974664289,150.12365335925082,1.6594273579945342,0.7980301522697122,29644,193.08476664250415,0.8000273224043716,0.9877546889758468,0.886368091618398,0.7750694892214207,0.0085078821579327,0.001893929432112,0.6007327131219541,0.9968722989968526,DERMASON
1072,9721,49907,847.577,327.28090422287335,195.07873017704745,1.6776862548051412,0.8029406344024478,50548,252.07849166300912,0.7899176954732511,0.9873189839360608,0.8729975044498781,0.7702205915788704,0.0065578156215134,0.0014236376510351,0.5932397596921052,0.9952701906393496,SIRA
254,5935,48382,870.4649999999999,354.0441969995883,175.26878375571917,2.020007153658562,0.8688657683766114,49171,248.19725150246256,0.7816533919252953,0.9839539566004352,0.8024002477533027,0.7010346550115921,0.0073176842007273,0.0010902130488718,0.491449587527222,0.9927316824675382,HOROZ
315,6732,56161,936.82,391.143414414779,183.97322167484975,2.126088845180291,0.8824814348287388,56596,267.4068175493502,0.7444656539144728,0.992313944448371,0.804141338675065,0.6836541475444218,0.0069646803727636,0.0009384837661442,0.4673829934546901,0.9936977688109896,HOROZ
383,11777,31658,655.92,243.35169763720273,166.2049189785837,1.464166639186893,0.7304348591683826,31963,200.76906511518595,0.7126809391954256,0.9904577167349748,0.9246802717707886,0.8250160860373349,0.0076868942332807,0.0021967484770559,0.6806515422203632,0.9965872810301648,DERMASON
1018,10409,26010,593.6080000000001,213.9164589504202,155.0789917982761,1.3794032090992625,0.6888002395019406,26346,181.98065984758267,0.7864658925979681,0.987246640856297,0.9275786110058876,0.8507090138854657,0.0082243928854448,0.0026570990825558,0.7237058263059813,0.9982821392503036,DERMASON
795,12408,34244,682.9609999999999,254.4737841008624,171.60173637324291,1.4829324544092513,0.73842140741693,34616,208.80808166809757,0.7644944522581654,0.9892535243817888,0.9225768309069796,0.8205484993508607,0.0074311933214829,0.0020780468976516,0.6732998397869495,0.9984581839686169,DERMASON
772,1827,46173,792.175,286.6587398730906,205.40859089857415,1.395553801421265,0.6975240106027933,46608,242.4650273731382,0.7826595474192728,0.9906668383110196,0.9246038380600564,0.8458316236249492,0.0062083628933162,0.0019601645501081,0.7154311355240179,0.9984226408356754,SEKER
615,1323,41226,738.928,265.78683578917827,197.63499903881635,1.3448368815331972,0.6686418598125331,41595,229.10821345218469,0.7421154953917051,0.9911287414352686,0.9488046752043674,0.8619998532730679,0.0064470682527816,0.0021956888591512,0.7430437470427907,0.9992726356157688,SEKER
30,1271,40834,737.9159999999999,264.2154584122525,196.98768548928416,1.341279063998269,0.6664418611723869,41174,228.0163668900012,0.7493577038831388,0.9917423616845582,0.9423623667443544,0.8629940438012895,0.0064704770145528,0.0022138452234845,0.744758719636502,0.9989292783785968,SEKER
1349,6207,51440,905.432,359.2756954217686,183.5025867922194,1.9578780969915028,0.8597251056634774,52233,255.92077325058384,0.8008344620366479,0.9848180269178488,0.7884953657752448,0.7123242025880651,0.0069843642189301,0.0011092193672259,0.5074057695927229,0.9934386425727092,HOROZ
534,2744,70620,1163.561,391.03948442092394,230.86227173212748,1.693821521754114,0.8071247148961269,72221,299.860261870754,0.6992633079847909,0.9778319325403968,0.6554797279639748,0.7668286038040535,0.0055372342738731,0.0011810434581361,0.5880261076120741,0.9960112764266316,BARBUNYA
916,3157,80305,1140.603,378.82455593537503,270.5711079873295,1.400092414719737,0.6999023284472695,81847,319.7616325326684,0.751391812865497,0.9811599692108446,0.7756814959936813,0.8440889787176774,0.004717322158463,0.0014771623098195,0.7124862039926517,0.9975465298025712,BARBUNYA
535,5739,45149,855.291,358.1055863509357,165.27411508803743,2.166737278612454,0.8871280248047155,47022,239.7613234140316,0.7999468462083629,0.960167581132236,0.7755864185664318,0.6695269008707132,0.0079316393796304,0.000983138826556,0.4482662709895419,0.971275240097633,HOROZ
370,6619,55039,938.168,384.2763260184784,183.7589374626237,2.09119801912568,0.8782538025657326,55850,264.7221775799652,0.5880235042735042,0.9854789615040288,0.7858129247651382,0.688884949855682,0.0069818914954573,0.0009699283311747,0.4745624741376655,0.9924041058680678,HOROZ
236,3714,183924,1623.448,631.1129489644076,373.1654798268266,1.6912415083444632,0.806465162943335,185666,483.9207683349311,0.7609756097560976,0.9906175605657472,0.876943276104441,0.7667736324044627,0.0034313789878667,0.0007316731708547,0.5879418033507341,0.9943515823176596,BOMBAY
1281,10495,26564,605.9839999999999,220.3652255671734,154.06486002977942,1.430340608004828,0.7149904938335202,26874,183.9084969933278,0.7035330261136713,0.9884646870581232,0.9090358700963872,0.8345622432939964,0.0082956341502474,0.0024823572564177,0.696494137931908,0.9962238487213236,DERMASON
196,95,33078,659.4559999999999,235.560077511721,178.9312327601165,1.3164838462132755,0.6503915309408315,33333,205.22236150271175,0.7877214707563346,0.992349923499235,0.9558229606771168,0.8712102817698397,0.0071213518807582,0.0025306621944067,0.7590073550614836,0.9992209220955074,SEKER
708,5460,95892,1194.897,470.86807446591905,261.5597391420107,1.800231472972478,0.8315271430855696,96906,349.4187837305605,0.7448732289336316,0.9895362516252864,0.8439783366155974,0.7420736352255096,0.0049103999756592,0.0009185115880082,0.5506732800968028,0.9913393701552532,CALI
961,7454,34663,691.502,252.52516057586496,175.3797060794673,1.4398767464089708,0.719488949340706,35079,210.08165636046127,0.7779648083310889,0.9881410530516832,0.9109386522232864,0.8319236621071167,0.0072851501767263,0.0021525447025181,0.6920969795737162,0.9965343471480784,SIRA
803,9735,50074,841.114,312.14992736214435,205.13836464744185,1.5216555318582967,0.7537345782509641,50768,252.4998949763515,0.6931616832779623,0.986329971635676,0.889431334794498,0.8089058264729654,0.0062337725638483,0.0016463515253571,0.6543286361019113,0.9956627887777676,SIRA
527,6028,49498,876.898,362.7377272594952,174.9620049887751,2.0732371424456812,0.8759854710497084,50137,251.04344441809485,0.6838251547303271,0.9872549215150488,0.8089084203577508,0.6920797743172259,0.0073283309883125,0.0010370733365039,0.4789744140189824,0.9930275454253098,HOROZ
91,8187,42079,783.081,292.22488381380464,184.8763207213791,1.5806506894639414,0.7744371528983773,42926,231.46629733702252,0.6972724862464373,0.9802683688207612,0.8623069786491191,0.7920827765116152,0.0069446727301933,0.0016862184094247,0.6273951248463492,0.9916925366546976,SIRA
308,6556,54471,916.607,366.7701693206654,190.49479824955827,1.9253552994144072,0.8545405660578417,55292,263.3526746423302,0.6288646701609365,0.9851515589958764,0.8147209296216286,0.7180318811917396,0.006733310740039,0.0011040362441587,0.5155697824077484,0.9926550127766914,HOROZ
659,152,33864,662.8979999999999,221.2164258314313,195.06351782969685,1.1340738047417336,0.4716668624373032,34167,207.6462952785615,0.7716004374772147,0.9911317938361576,0.9683998244245622,0.938656767905606,0.00653249544742,0.0031281397131877,0.8810765279349986,0.99920581030388,SEKER
363,3372,137748,1389.6339999999998,499.3705440885303,353.30131422707024,1.4134409468049132,0.706720050844063,138869,418.7913571316619,0.809463366476271,0.9919276440386264,0.8963844275855574,0.8386384861687336,0.0036252471476067,0.0011061564030226,0.7033145104833852,0.9940935275992702,BOMBAY
474,2665,69221,1021.744,378.5480822103894,233.5553793448904,1.6208065225138266,0.7869813496944965,70135,296.8752507807154,0.820542911332385,0.986967990304413,0.8332273961021515,0.7842471398804185,0.0054686884357404,0.0012760706447162,0.6150435764106169,0.996866640276559,BARBUNYA
1211,941,38837,715.528,253.2922344855801,195.38221642306416,1.2963934953891734,0.6363860410292246,39154,222.37087084166288,0.787960558350917,0.99190376462175,0.953240032173516,0.8779221806514658,0.0065219310061431,0.0023899017611401,0.7707473552798249,0.9991918579731732,SEKER
923,4782,76081,1055.587,411.25164363968344,236.76300474070803,1.7369759438982766,0.8176516968825397,76772,311.23839384464753,0.8148683674999464,0.9909993226697232,0.8580211835010984,0.7568076593934245,0.0054054447712265,0.0010938386686484,0.5727578333165535,0.9948665781501522,CALI
393,6146,50832,887.371,366.1885654755315,178.01813340291758,2.0570295760079573,0.8738821203658809,51485,254.4038375063902,0.8044310808672258,0.9873166941827716,0.8112161692261133,0.694734520658836,0.0072038984394777,0.0010351966561959,0.4826560541950626,0.9928377785185436,HOROZ
244,12457,34445,691.289,265.11409910210705,165.75724100915494,1.5994118717713486,0.7804406893529039,34834,209.41999932767328,0.7374855478953454,0.9888327496124476,0.9057675560088356,0.7899240366202345,0.0076967368007579,0.0018485351582578,0.6239799836304055,0.9980009935661625,DERMASON
1043,10737,27628,616.948,231.23665411858832,152.79423608398633,1.513385976101118,0.7505884704743121,28090,187.55549083389448,0.7258301807482135,0.9835528657885368,0.9121414465861354,0.8110975811720048,0.0083696486940273,0.0022344951542173,0.6578792861830768,0.9956252856768826,DERMASON
756,2087,52184,888.581,332.9882035305494,200.1934012294018,1.6633325648380286,0.799096573926452,53114,257.7648781398655,0.6781546458739441,0.9824904921489626,0.8305259067933852,0.7740961253488289,0.0063810402332237,0.0014133535700413,0.5992248112800699,0.9967101422610624,BARBUNYA
1174,3112,78989,1077.94,382.098333579556,263.82830503517164,1.4482840782705917,0.723358859568273,80060,317.130759150048,0.7843992055610725,0.9866225331001748,0.8542545562555697,0.8299715839614327,0.0048373613234698,0.0014159280481776,0.6888528301834497,0.9976545862263256,BARBUNYA
400,13146,37951,720.3580000000001,266.81877337360885,181.3799543493641,1.4710488506336106,0.7334095229606189,38373,219.81973060270127,0.7825755232498196,0.98900268417898,0.9190440351392556,0.8238540632780067,0.0070306124574743,0.0019979015052035,0.6787355175796819,0.9984531030197996,DERMASON
568,8533,43622,781.191,288.5670177767778,193.67208041690645,1.4899773738971391,0.7413205508058186,44169,235.67192327563603,0.7891813658977838,0.9876157486019608,0.8982577544388245,0.8166973658020094,0.0066151716513864,0.0018153714444002,0.666994587307941,0.993806843600692,SIRA
349,3170,80641,1131.4299999999998,373.9364916259841,275.7130154924611,1.35625259097066,0.6755373369544184,82437,320.42988332393134,0.7338338338338338,0.978213666193578,0.7916083905989527,0.8569099044883516,0.0046370517680334,0.0015422769130682,0.7342945844102361,0.9958889326421064,BARBUNYA
667,5676,43743,829.88,345.6438071034569,162.24038195793648,2.1304425133384535,0.8829930545262473,44261,235.9985538204635,0.6969219003919319,0.9882966946069904,0.7981560908459312,0.6827796389530719,0.007901694147714,0.0010593079327673,0.4661880353688873,0.993186809759608,HOROZ
70,12182,33262,670.1659999999999,253.23024417632553,167.52528618844053,1.5115941595317135,0.7498982082440183,33519,205.7923558759678,0.8063515151515152,0.992332706822996,0.9306651293785422,0.8126689469709373,0.0076131995723746,0.0020483380754984,0.6604308173708522,0.998303366312536,DERMASON
1048,5002,79535,1111.194,418.07326595058527,247.10228616592065,1.691903674536882,0.8066347777799504,81919,318.22493175505775,0.7198779913833677,0.9708980822519806,0.809446918333659,0.7611702485484225,0.0052564690507397,0.0010884314799328,0.5793801472752674,0.9802554001287448,CALI
492,11468,30523,651.045,246.5474852789752,157.90024337073294,1.5614129529877163,0.7680035670420087,30863,197.13723804484877,0.7852989605845425,0.9889835725626154,0.9049301643254112,0.799591355887417,0.0080774329285776,0.0020366925982758,0.6393463364098779,0.9982836511156256,DERMASON
1091,389,35690,699.055,235.79525203059077,192.90219302835956,1.2223565130538732,0.5750874651850387,36122,213.1711034629177,0.7547688533604027,0.9880405293173136,0.91776970807954,0.9040517212588406,0.0066067596534208,0.0027223338309545,0.8173095147110725,0.9990436084879798,SEKER
249,11963,32364,664.4979999999999,239.81912138086304,172.77639160338276,1.3880317742216794,0.6935124905572347,32722,202.9953807991916,0.704576130970523,0.9890593484505836,0.921053167079134,0.8464520244689302,0.0074100581319015,0.0023464471123778,0.7164810297275502,0.9944984348889072,DERMASON
564,13115,37807,728.09,272.090141569877,177.37564977456137,1.5339768559872489,0.7583046720024913,38253,219.40229594925003,0.7793972128308733,0.9883407837293808,0.8962144642373098,0.8063588584406837,0.0071968191490961,0.0018768682924379,0.6502146085857625,0.9974141609953676,DERMASON
600,11770,31644,662.4739999999999,245.63911179796705,164.84836715860538,1.4900912640622672,0.741366989261374,32069,200.72466752643905,0.7914165666266506,0.986747326078144,0.9060737807903716,0.8171527166713207,0.0077625809568312,0.0021350046280135,0.6677385623633196,0.99499139845508,DERMASON
329,1691,44487,761.329,264.0926897841119,214.9791289820634,1.2284573439040505,0.5808241204292472,44806,237.9970748278919,0.7832632005211543,0.9928804178011872,0.964491130116159,0.901187666430478,0.0059364014157869,0.0024152605078836,0.8121392101264104,0.9976783769522236,SEKER
36,6892,57904,966.171,400.3776873671562,185.59480510632812,2.157267748619246,0.8860711184990216,58937,271.52469979422654,0.7577470686767169,0.9824728099496072,0.7794897955519297,0.678171407552069,0.0069145082786535,0.0009021919873242,0.4599164580211544,0.9921629419482338,HOROZ
293,9330,47291,827.422,325.02907569350685,186.26730852078288,1.7449603920015926,0.8195001906932856,47888,245.38290753447063,0.7708645758622938,0.9875334112930172,0.8680289976263448,0.754956789668441,0.0068729583999811,0.0013772470762999,0.5699597542664787,0.994557196229966,SIRA
1143,209,34447,682.912,225.08741131352775,195.3291752838704,1.152349161288425,0.4969266706637361,34853,209.42607907682404,0.7457836281365693,0.9883510745129545,0.9281790908620908,0.930421109979852,0.0065343110086082,0.0030206317687032,0.8656834418961399,0.9975695882102936,SEKER
1189,6721,55941,918.733,379.0385222445696,188.66204446839987,2.009087324970959,0.8673271821317463,56536,266.8825460235827,0.810786132529422,0.9894757322767794,0.832839773507232,0.7041040167716257,0.0067756837068441,0.0010272595205174,0.4957624664339378,0.9960300875087652,HOROZ
83,11605,31021,658.1650000000001,242.0737202111808,163.63723837456138,1.4793314933431003,0.736919039903975,31518,198.7389340749051,0.7784050988658034,0.9842312329462528,0.8999038100508129,0.8209851689044512,0.0078035434128874,0.0021868191087903,0.6740166475610703,0.9970940537746285,DERMASON
1047,1910,48237,813.9519999999999,314.5999820064322,195.3707360740239,1.6102717752326712,0.7838001193084319,48597,247.8250510327599,0.7791723202170964,0.9925921353169948,0.9149398944151962,0.787746551834491,0.0065219640940861,0.0015491883042795,0.6205446299271306,0.9992455028438616,SEKER
48,1224,40516,733.0459999999998,255.95520025882797,201.8966981963243,1.2677532745480424,0.6146537785893944,40896,227.1267782417781,0.7723364913551536,0.99070813771518,0.9474885489349396,0.8873692662313644,0.0063173857305466,0.0024162100687033,0.7874242146519902,0.9982596265834812,SEKER
773,6126,50654,879.938,357.2338985495091,181.40774336803463,1.9692318085053488,0.8614677806119427,51251,253.9580199541155,0.6348573720358951,0.988351446801038,0.8220901864937825,0.7109012358157255,0.0070524321583588,0.0011111066749724,0.5053805670843258,0.9952114881029256,HOROZ
951,8448,43266,772.8890000000001,287.0127137365194,193.00714370124285,1.4870574644676802,0.7401253175705212,43691,234.70829159301456,0.7764895908111988,0.9902725961868576,0.9101696660118068,0.8177626995592926,0.0066336780320926,0.0018299673489512,0.6687358327905019,0.9944486119081262,SIRA
994,11965,32386,671.284,247.3234252276281,167.05273804700926,1.4805110536891073,0.737412712749433,32821,203.06436392383813,0.711905389958674,0.9867462904847506,0.9031389729557604,0.8210478394310793,0.0076367388756755,0.0021407283181239,0.6741195546344435,0.9980414521442716,DERMASON
457,12523,34738,691.456,256.937169796364,172.63511706039998,1.4883250532767862,0.7406452924103905,35168,210.3088093851755,0.7213039867109634,0.9877729754322112,0.913031110448408,0.8185223241614131,0.0073964295525466,0.002047971944439,0.6699787951506014,0.9971462259868358,DERMASON
785,12699,35452,703.811,265.07519751925537,170.52405724736738,1.5544739070730016,0.7656104554996351,35847,212.4591451078324,0.7112020542449045,0.9889809468016848,0.8993702223141669,0.8015051845520142,0.0074770167414886,0.0019034148776324,0.6424105608637585,0.9986104544908452,DERMASON
66,9861,51288,860.608,327.5437965341327,202.6067629302097,1.6166478936685793,0.7857345108492039,52300,255.54238351079263,0.6815681063122924,0.9806500956022944,0.8701915668709936,0.7801777539821704,0.0063863632142827,0.0014595118589363,0.608677327808664,0.9840169199256958,SIRA
639,7920,40647,750.745,281.1800423028752,184.55156835201143,1.5235852223512714,0.7544594912041517,41131,227.4936653510382,0.7536712897723059,0.9882327198463446,0.9062613622964948,0.8090676119395119,0.0069176087362628,0.0018284160364602,0.6545904006895047,0.9973242611835268,SIRA
479,5851,47291,861.0469999999999,354.5429252588579,170.40297705169462,2.080614619492835,0.8769250166615516,47849,245.38290753447063,0.772123171368861,0.9883383142803402,0.801557432885007,0.6921105740731178,0.0074970485982292,0.001061138389587,0.4790170467438208,0.9966498704414762,HOROZ
1347,6260,51950,901.138,362.64856361889105,186.42834343862515,1.9452437163251417,0.857745597086634,53086,257.1863028020577,0.6343101343101343,0.9786007610292732,0.8039199539143804,0.7091888086790712,0.0069807230725484,0.0010892502466764,0.5029487663556402,0.9783579273867908,HOROZ
1083,8781,44760,803.1679999999999,309.2182633425286,185.214072983571,1.6695181870437952,0.8007675708974878,45285,238.72620723822067,0.7058378276090453,0.9884067572043724,0.871941097914739,0.7720313950983478,0.006908361558144,0.0015138912111586,0.5960324750175013,0.995087057110445,SIRA
704,2714,70027,1018.064,372.3035743259188,240.1702666954873,1.5501651367942386,0.7641044340494773,70967,298.59863629824105,0.7798801674982181,0.9867544069778912,0.8490342778624667,0.8020300015622315,0.005316571812671,0.0013569814290373,0.6432521234059132,0.9971470158727116,BARBUNYA
885,2602,68136,1020.991,377.38263101820866,230.3113239516975,1.638576100137204,0.7921811903318035,69141,294.5393855158848,0.7998309621073391,0.9854644856163493,0.8213772514555474,0.7804794426314584,0.0055386672393185,0.0012677420926897,0.6091481603703122,0.9981356170253384,BARBUNYA
1107,2952,74864,1038.26,365.5093152884411,261.72179220324335,1.3965566726847118,0.6980522294845326,75820,308.73905693490286,0.7870396652684476,0.9873911896597204,0.8727113947227692,0.84468177422855,0.0048823107940858,0.0015331253988984,0.7134872997138912,0.9964254492912316,BARBUNYA
764,12336,33848,689.11,262.1731240260202,165.6426458733109,1.5827634401984807,0.7751262669816437,34122,207.5972353144323,0.6721474244410024,0.991969990035754,0.8957065950549923,0.7918326338203479,0.0077456016315888,0.0018783153385236,0.6269989199828692,0.992390967592818,DERMASON
255,4455,71703,1049.125,406.8727218519279,227.25824201168308,1.7903540846321035,0.8294717091942551,73498,302.15078202140296,0.7991685428323042,0.97557756673651,0.8186395424487488,0.7426174471616799,0.005674416995829,0.0010645390667075,0.5514806728289304,0.9873456751949364,CALI
897,10907,28332,625.573,233.95352302186444,154.45771803402548,1.514676806052041,0.7510838286994918,28659,189.9300470737493,0.7794651700231099,0.9885899717366272,0.9097689383434492,0.8118281127828929,0.0082575717570896,0.0022125264168746,0.6590648847046336,0.998270294545471,DERMASON
566,4184,67909,1003.736,389.0970585758558,225.4098060246864,1.726176271733461,0.8151036750847326,69501,294.04833657652296,0.7105607349509788,0.9770938547646796,0.847028839987082,0.7557197621919243,0.0057296832316166,0.0011527987373339,0.5711123589674187,0.985840602543281,CALI
561,7007,59411,961.532,382.2654478367868,201.8737626080016,1.8935865805358256,0.849183198225555,60199,275.03533335239086,0.6908255813953489,0.9869100815628168,0.8075124780978193,0.7194878190241792,0.0064342537213106,0.0010635838347468,0.5176627217241699,0.9802391831005396,HOROZ
788,7098,60535,964.1559999999998,392.0247970680789,197.58250569596828,1.9841068200203429,0.8637006639684468,61253,277.6248473039527,0.6724990279397878,0.9882781251530536,0.8183174161225786,0.7081818532406268,0.0064760022642781,0.0010047683136721,0.5015215372593286,0.9950723024633206,HOROZ
433,5376,89280,1144.377,448.9538741153351,254.70855817055136,1.7626179400486348,0.8234850829651861,90253,337.1569761312308,0.7961476725521669,0.9892191949298084,0.8566941559418,0.7509835543698105,0.0050286052208258,0.0009866179465656,0.563976298933914,0.9940747422631486,CALI
490,4227,68485,992.387,383.08131682527966,228.21388160903368,1.6786065515574478,0.8031831219299209,69084,295.29275341800655,0.7834019675131549,0.9913293960975044,0.8738626775211231,0.7708356958391871,0.0055936528703406,0.0012182110800471,0.5941876699798839,0.9974073156828877,CALI
263,413,35795,684.9549999999999,227.56501196074035,200.51361541781827,1.134910522093744,0.4728801976114232,36124,213.484447920206,0.7680176797476774,0.9908924814527738,0.9587561223601664,0.9381250926088606,0.0063574524922682,0.0030374273282634,0.8800786893823833,0.9988105648505384,SEKER
843,11999,32588,667.255,245.95499002221987,168.98450421396666,1.455488425795503,0.7266058035767295,32925,203.69666242682888,0.7596270396270396,0.9897646165527716,0.91977986476504,0.8281867442836865,0.0075474097834239,0.0021902353964276,0.6858932834072123,0.9983097353300724,DERMASON
24,7879,40473,759.236,279.35294557215445,185.11799847190468,1.509053403116563,0.7489141151062739,40911,227.0062203862842,0.7729755538579068,0.9892938329544622,0.8823109642488592,0.8126143789940832,0.0069022050644171,0.0018565456477555,0.6603421289479394,0.9964915369101244,SIRA
1250,6230,51610,900.804,375.6367421444591,175.69085782888607,2.1380551429164867,0.8838794491010248,52247,256.343310628114,0.7423335826477188,0.9878079124160238,0.7992508579221596,0.6824234210015903,0.0072783712874338,0.0009737100738212,0.4657017255315137,0.9956959693377349,HOROZ
190,7137,60950,993.7239999999998,404.9700226284092,192.33317197720544,2.1055651423271105,0.8800225647965557,61620,278.574855741878,0.732924482924483,0.989126906848426,0.7756253883504604,0.6878900663654595,0.0066442989766761,0.0009177091904003,0.4731927434042763,0.996338146114181,HOROZ
90,11588,30975,652.472,243.9041368648385,162.7031810044926,1.499074175188399,0.7449875235667697,31450,198.5915277603042,0.7101588830043332,0.9848966613672496,0.914318317709438,0.814219595915896,0.0078742255646436,0.002134783393074,0.6629535503734447,0.9938165467142924,DERMASON
523,2802,71598,1066.952,400.0596424428121,228.74766204120556,1.7489124866803978,0.8204042742851778,72858,301.9294701150389,0.6640388788929903,0.9827060858107552,0.7903527911495133,0.7547111432470954,0.0055875812514708,0.0011182184758022,0.5695889097413378,0.9961611565213,BARBUNYA
209,8719,44487,782.4749999999999,299.63119396682157,189.51214765145016,1.581065898308017,0.7745728478086878,44833,237.9970748278919,0.8064352397353395,0.9922824705016394,0.9130657291951296,0.7943000582717884,0.0067352528596403,0.0016537583322186,0.6309125825705666,0.997514369115764,SIRA
906,7374,67498,1030.025,403.2008219090411,213.9582460376039,1.8844836755587215,0.8475914631917145,68502,293.157163976141,0.7594711673699015,0.9853434936206242,0.799475643541051,0.7270748174275175,0.0059735225030229,0.0010297378549737,0.5286377901372576,0.9962092857970992,HOROZ
101,10187,24186,573.868,213.73122002515535,144.57381363428829,1.4783536150316032,0.7365086276996846,24512,175.483821559039,0.8036283891547049,0.9867003916449086,0.9228899059210408,0.8210490799537157,0.0088369808990802,0.0024771947680821,0.674121591692843,0.9965900920499732,DERMASON
1098,3162,80410,1233.0369999999998,404.0786746112321,255.83869000158413,1.579427547134212,0.7740366554621292,82818,319.9706108256732,0.6812213016147343,0.9709241952232608,0.6646112809658365,0.7918522578146939,0.005025229133332,0.0012187433782792,0.6270299982062287,0.9903484520464332,BARBUNYA
635,7246,63128,1000.638,407.6883918503205,198.59106559500512,2.0529039945922647,0.8733379260403465,63792,283.5084936647249,0.7991189538843247,0.9895911713067468,0.7922785741903591,0.6954048712988933,0.0064581230492066,0.0009316161156489,0.4835879350262303,0.9927596035519728,HOROZ
461,4515,72543,1046.539,402.4939348252614,231.9320394595106,1.735396005498958,0.81728239514644,73687,303.91547557457966,0.7516474635278515,0.9844748734512192,0.8323280698984327,0.7550808826635398,0.0055483497349883,0.0011125447550337,0.5701471393639503,0.9894310681988572,CALI
851,10719,27566,624.367,236.28754967082503,149.34934409084437,1.5821130726031107,0.7749144964699258,27953,187.34492597924688,0.7157769007062734,0.9861553321647052,0.8885947312291219,0.7928683768579399,0.0085717024476102,0.0020895426301659,0.6286402630213441,0.9945799780907266,DERMASON
540,13539,41353,757.504,292.7940147050889,180.09473811946373,1.6257777310010435,0.78845672539221,41666,229.46083520599583,0.6961784511784512,0.9924878798060768,0.9056221258151552,0.7836937358064365,0.0070803572825451,0.0016474810866546,0.6141758715422488,0.9985134548715456,DERMASON
1166,4646,74363,1060.382,406.0462531462781,234.6359024868715,1.730537606745828,0.8161393699910219,75179,307.7042610448235,0.80278740378491,0.9891459051064792,0.8310785475883821,0.7578059362955706,0.0054603264142957,0.0011107859556543,0.5742698370848065,0.9937955494950574,CALI
573,10672,27362,603.342,215.3632076139713,162.64388579498316,1.3241395860736025,0.6554859258561214,27645,186.6504230454448,0.8081398783153169,0.9897630674624706,0.9445622514310408,0.8666773917112489,0.0078708869093623,0.0027392603147628,0.7511297013034136,0.994600571771491,DERMASON
870,11859,31972,663.1639999999999,253.78964258796137,160.82827216448842,1.5780163473272657,0.7735731655769469,32272,201.7622727971526,0.7409158324063775,0.9907040158651462,0.9135614885844732,0.79499805720883,0.0079378719688465,0.0019559066439342,0.6320219109658141,0.997340907373072,DERMASON
27,12082,32913,670.2119999999999,248.9147903554133,169.02275125010777,1.472670327008741,0.7341025657550863,33212,204.70987552111015,0.695511601369342,0.9909972299168976,0.9207737608313004,0.8224094487467576,0.0075628107542737,0.0021341029255515,0.6763573013879457,0.9960513282097354,DERMASON
1242,9520,48535,823.6189999999999,310.87571367917377,199.27062019842947,1.5600679787597906,0.7675427918220841,48986,248.5893829263855,0.7918651700058735,0.9907932878781692,0.899108667752007,0.7996423393270654,0.0064051862301261,0.0016154541937124,0.6394278708444616,0.9975509460309956,SIRA
326,9645,49345,847.426,327.1755274540143,193.07622188395283,1.6945407583677548,0.8073079473335041,49928,250.6551522210477,0.8184471977575426,0.9883231853869572,0.863474364235151,0.7661182796023098,0.00663036837479,0.0014089666696702,0.586937218340803,0.9945890390814848,SIRA
1305,9469,48182,822.915,308.4965471189591,199.72423188692895,1.5446125099813128,0.7621405825179556,48774,247.68372523125052,0.8030333333333334,0.9878623856972978,0.8940971900200009,0.802873573608399,0.0064027343638487,0.0016410956743735,0.6446059751987213,0.9956664533006488,SIRA
325,3511,160641,1514.9029999999998,544.8924394117172,376.7901627269483,1.4461429551880018,0.7223816585261641,161945,452.2548769287085,0.7786389413988658,0.9919478835407084,0.8796230712029348,0.8299892680048505,0.0033919885920264,0.0009929423933334,0.6888821850032275,0.9962221187969352,BOMBAY
967,13548,41443,754.945,290.0227779988344,182.19056463459927,1.5918649716054345,0.778056757110036,41801,229.71039691850987,0.7478795972137006,0.9914356115882396,0.9137563827452498,0.7920426061136242,0.0069981125400872,0.0016988493228288,0.6273314898992617,0.998627024355683,DERMASON
867,12867,36287,697.326,256.3527667589989,180.7023550587972,1.4186465177810572,0.7093094500052612,36609,214.94660583457664,0.7682064527055635,0.991204348657434,0.9377546193302604,0.838479757999457,0.0070645897086835,0.0021539570419845,0.703048304574828,0.9973770291169558,DERMASON
853,9325,47270,808.68,296.36224172774394,203.79098546109495,1.4542460799097583,0.7260503602631609,47765,245.32841922539495,0.7841738553417386,0.9896367633204228,0.908326660575154,0.827799175074294,0.0062695629728737,0.0018160047859222,0.6852514742536818,0.9965242701857996,SIRA
1120,7230,62694,998.103,402.7630036312617,199.56489445217156,2.0182056805977435,0.8686138495674186,63546,282.53226367554254,0.6993039753714362,0.9865923897648948,0.7908336161352826,0.701485144187193,0.0064242671329196,0.0009595713365431,0.4920814075153268,0.9931214919639656,HOROZ
862,13279,38811,726.395,268.15233988727056,184.90209163200328,1.4502396242274749,0.7242464399040943,39206,222.2964236570539,0.7916573176950535,0.9899250114778352,0.9243128795260144,0.8289930408606758,0.0069091839913238,0.0020128437341014,0.6872294617954302,0.9966473964322544,DERMASON
125,8443,43244,776.834,293.30881085053073,188.0602370565419,1.5596535208149558,0.7674005063194094,43618,234.64861148646796,0.7892537095508386,0.991425558255766,0.9004907835103193,0.8000053281933087,0.0067826475545863,0.0017137620883063,0.6400085251376836,0.9981915495825752,SIRA
713,3309,90264,1178.124,408.9285283016384,281.85884097332,1.4508273960451945,0.724512303834683,91447,339.0098734048534,0.789020979020979,0.98706354500421,0.8172264843831797,0.8290198651897165,0.0045303612547819,0.0013199951835536,0.6872739368791758,0.9971158562121436,BARBUNYA
933,5882,47751,867.449,350.2488936999073,174.0812385945272,2.0119853036875077,0.8677382126088438,48360,246.57344037963364,0.7825467059980334,0.9874069478908188,0.7974517833758538,0.7039949156581702,0.0073349017549351,0.0011113533281635,0.4956088412725541,0.9971577050179738,HOROZ
539,3689,181460,1662.937,645.9213640585604,360.19979619147495,1.7932307871579185,0.8300743702080026,184707,480.6683344965035,0.8171886117791168,0.9824208070078556,0.8245921153265279,0.7441592138651189,0.0035595798746751,0.0006733516968864,0.5537729355803518,0.9930426771775056,BOMBAY
140,12212,33390,672.1189999999999,250.0238270266912,170.32352326193867,1.4679347998349137,0.7320702308286648,33719,206.18794435831373,0.775123615850686,0.9902428897654142,0.9288250892212548,0.8246731793938272,0.0074879852358997,0.0021363491076141,0.6800858528115237,0.9983216902174404,DERMASON
567,1956,49949,823.828,299.1147954962764,212.9170718090357,1.4048417675241702,0.7023579432922684,50448,252.18453961330903,0.7575605908939242,0.9901086267047255,0.9248335258805366,0.8431028602075569,0.0059884040820892,0.0018664360362628,0.7108224328901632,0.9985930430172476,SEKER
342,246,34761,687.872,229.73702139712367,192.88757259850132,1.1910410727980132,0.5432026691064196,35171,210.3784205058565,0.776816840976133,0.9883426686758976,0.9231810096361353,0.9157358236232902,0.0066090452345192,0.0028668125936522,0.8385720986670259,0.9987738120148558,SEKER
776,3651,176478,1581.1129999999998,595.8924511448679,379.29148624145944,1.5710672998484307,0.771268473363924,177909,474.02401666558205,0.8195319030370577,0.9919565620626276,0.8871041652164475,0.7954858561387308,0.0033765820733738,0.0008340400815445,0.6327977473167697,0.9941678482271268,BOMBAY
444,163,33996,663.7429999999999,223.09635806856812,194.38087645056177,1.1477279151239437,0.4907744788998699,34285,208.05059856394692,0.7646939739523585,0.991570657722036,0.969700850948088,0.9325593674640044,0.0065624296407979,0.0030616136002329,0.869666973844864,0.9981410627431148,SEKER
117,473,36156,683.782,238.97981067537967,192.87491789263396,1.2390403754230528,0.5904472919605571,36404,214.55826476611088,0.7804014677314914,0.9931875618063948,0.9717508147084788,0.8978091670578733,0.0066096861012108,0.002649090160263,0.8060613004531524,0.998742496327468,SEKER
925,3100,78657,1149.889,399.28337149987914,251.5902538965539,1.5870383105700592,0.7765103374209863,80316,316.4635885378185,0.7850940232363157,0.9793440908411774,0.7475416647184812,0.7925789329744585,0.0050762598560824,0.0012356449718759,0.6281813649949312,0.9969478922331492,BARBUNYA
